,index,date,day_of_week,is_rest_before,cnt,MA7,MA30,cycle_index
0,1,1,3,0,68.0,0.0,0.0,0
1,2,2,4,0,36.0,0.0,0.0,0
2,3,3,5,0,5565.0,0.0,0.0,0
3,4,4,6,0,4966.0,0.0,0.0,0
4,5,5,7,0,3346.0,0.0,0.0,0
5,6,6,1,0,3396.0,0.0,0.0,0
6,7,7,2,0,4146.0,0.0,0.0,0
7,8,8,3,0,3096.0,3074.714285714286,0.0,0
8,9,9,4,0,2713.0,3507.285714285714,0.0,0
9,10,10,5,0,2409.0,3889.714285714286,0.0,0
10,11,11,6,0,275.0,3438.8571428571427,0.0,0
12,13,12,1,1,2735.0,2768.714285714286,0.0,0
13,14,13,2,0,2386.0,2681.4285714285716,0.0,0
14,15,14,3,0,1901.0,2537.1428571428573,0.0,0
15,16,15,4,0,6072.0,2216.4285714285716,0.0,0
16,17,16,5,0,2716.0,2641.5714285714284,0.0,0
17,18,17,6,0,216.0,2642.0,0.0,0
18,19,18,7,0,22.0,2328.714285714286,0.0,0
19,20,19,1,0,3903.0,2292.5714285714284,0.0,0
20,21,20,2,0,2700.0,2459.4285714285716,0.0,0
21,22,21,3,0,2700.0,2504.285714285714,0.0,0
22,23,22,4,0,2073.0,2618.4285714285716,0.0,0
23,24,23,5,0,1702.0,2047.142857142857,0.0,0
24,25,24,6,0,231.0,1902.2857142857142,0.0,0
26,27,25,1,1,3377.0,1904.4285714285713,0.0,0
27,28,26,2,0,3016.0,2383.714285714286,0.0,0
28,29,27,3,0,2586.0,2257.0,0.0,0
29,30,28,4,0,1652.0,2240.714285714286,0.0,0
30,31,29,5,0,2726.0,2091.0,0.0,1
31,32,30,6,0,279.0,2184.285714285714,0.0,1
32,33,31,7,0,23.0,1981.0,2433.633333333333,1
33,34,32,1,0,4094.0,1951.2857142857142,2432.133333333333,1
34,35,33,2,0,4059.0,2053.714285714286,2567.4,1
35,36,34,3,0,3741.0,2202.714285714286,2517.2,1
36,37,35,4,0,2567.0,2367.714285714286,2476.366666666667,1
37,38,36,5,0,761.0,2498.4285714285716,2450.4,1
43,44,37,4,1,19.0,2217.714285714286,2362.5666666666666,1
44,45,38,5,0,13.0,2180.5714285714284,2225.0,1
45,46,39,6,0,2847.0,2179.1428571428573,2122.233333333333,1
46,47,40,7,0,2936.0,2001.0,2126.7,1
47,48,41,1,0,2377.0,1840.5714285714287,2144.266666666667,1
48,49,42,2,0,1740.0,1645.7142857142858,2214.3333333333335,1
49,50,43,3,0,2563.0,1527.5714285714287,2181.1666666666665,1
50,51,44,4,0,1896.0,1785.0,2187.0666666666666,1
51,52,45,5,0,1552.0,2053.1428571428573,2186.9,1
52,53,46,6,0,186.0,2273.0,2036.2333333333333,1
54,55,47,1,1,1874.0,1892.857142857143,1951.9,1
55,56,48,2,0,1844.0,1741.142857142857,2007.1666666666667,1
56,57,49,3,0,1919.0,1665.0,2067.9,1
57,58,50,4,0,1191.0,1690.5714285714287,2001.7666666666667,1
58,59,51,5,0,1816.0,1494.5714285714287,1951.4666666666667,1
59,60,52,6,0,87.0,1483.142857142857,1922.0,1
61,62,53,1,1,1843.0,1273.857142857143,1855.8,2
62,63,54,2,0,1900.0,1510.5714285714287,1860.5,2
63,64,55,3,0,1615.0,1514.2857142857142,1916.1333333333334,2
64,65,56,4,0,1461.0,1481.5714285714287,1857.4,2
65,66,57,5,0,1514.0,1416.142857142857,1805.5666666666666,2
66,67,58,6,0,180.0,1462.2857142857142,1769.8333333333333,2
67,68,59,7,0,41.0,1228.5714285714287,1720.7666666666667,2
68,69,60,1,0,1933.0,1222.0,1631.2666666666667,2
69,70,61,2,0,1812.0,1234.857142857143,1686.4,2
70,71,62,3,0,1763.0,1222.2857142857142,1746.0333333333333,2
71,72,63,4,0,1386.0,1243.4285714285713,1668.3333333333333,2
72,73,64,5,0,1345.0,1232.7142857142858,1579.2333333333333,2
73,74,65,6,0,113.0,1208.5714285714287,1499.3666666666666,2
75,76,66,1,1,1797.0,1199.0,1417.5666666666666,2
76,77,67,2,0,1889.0,1449.857142857143,1452.1,2
77,78,68,3,0,1445.0,1443.5714285714287,1514.4333333333334,2
78,79,69,4,0,1452.0,1391.142857142857,1562.1666666666667,2
79,80,70,5,0,1559.0,1346.7142857142858,1515.6666666666667,2
80,81,71,6,0,198.0,1371.4285714285713,1469.7666666666667,2
82,83,72,1,1,1739.0,1207.5714285714287,1397.1333333333334,2
83,84,73,2,0,1794.0,1439.857142857143,1397.1,2
84,85,74,3,0,1464.0,1439.4285714285713,1371.4666666666667,2
85,86,75,4,0,1279.0,1378.7142857142858,1357.0666666666666,2
86,87,76,5,0,1601.0,1355.0,1347.9666666666667,2
87,88,77,6,0,171.0,1376.2857142857142,1395.1333333333334,2
88,89,78,7,0,22.0,1178.0,1338.3666666666666,2
89,90,79,1,0,744.0,1152.857142857143,1277.6333333333334,2
90,91,80,2,0,2424.0,1010.7142857142857,1238.4666666666667,2
91,92,81,3,0,1959.0,1100.7142857142858,1279.5666666666666,3
92,93,82,4,0,60.0,1171.4285714285713,1284.3333333333333,3
93,94,83,5,0,51.0,997.2857142857143,1283.4333333333334,3
94,95,84,6,0,30.0,775.8571428571429,1223.7,3
95,96,85,7,0,1929.0,755.7142857142857,1161.3666666666666,3
96,97,86,1,0,1745.0,1028.142857142857,1171.8333333333333,3
97,98,87,2,0,2143.0,1171.142857142857,1181.3,3
98,99,88,3,0,1709.0,1131.0,1202.2666666666667,3
99,100,89,4,0,1294.0,1095.2857142857142,1253.2333333333333,3
100,101,90,5,0,1527.0,1271.5714285714287,1295.0,3
101,102,91,6,0,198.0,1482.4285714285713,1281.4666666666667,3
103,104,92,1,1,2164.0,1506.4285714285713,1227.6666666666667,3
104,105,93,2,0,1631.0,1540.0,1241.0333333333333,3
105,106,94,3,0,1859.0,1523.7142857142858,1249.2,3
106,107,95,4,0,1447.0,1483.142857142857,1266.3333333333333,3
107,108,96,5,0,1514.0,1445.7142857142858,1310.8,3
108,109,97,6,0,137.0,1477.142857142857,1301.3666666666666,3
109,110,98,7,0,36.0,1278.5714285714287,1242.9666666666667,3
110,111,99,1,0,2104.0,1255.4285714285713,1196.0,3
111,112,100,2,0,1584.0,1246.857142857143,1217.7333333333333,3
112,113,101,3,0,1449.0,1240.142857142857,1218.5666666666666,3
113,114,102,4,0,1102.0,1181.5714285714287,1260.2666666666667,3
114,115,103,5,0,1774.0,1132.2857142857142,1239.0333333333333,3
115,116,104,6,0,1462.0,1169.4285714285713,1238.3666666666666,3
116,117,105,7,0,1626.0,1358.7142857142858,1238.3,3
117,118,106,1,0,73.0,1585.857142857143,1249.8666666666666,3
120,121,107,4,1,2484.0,1295.7142857142858,1198.9333333333334,3
121,122,108,5,0,1723.0,1424.2857142857142,1276.0333333333333,4
122,123,109,6,0,104.0,1463.4285714285713,1332.7333333333333,4
124,125,110,1,1,2427.0,1320.857142857143,1311.4,4
125,126,111,2,0,2587.0,1414.142857142857,1311.5,4
126,127,112,3,0,2220.0,1574.857142857143,1332.4333333333334,4
127,128,113,4,0,1142.0,1659.7142857142858,1404.4333333333334,4
128,129,114,5,0,1934.0,1812.4285714285713,1440.8,4
129,130,115,6,0,121.0,1733.857142857143,1504.2666666666667,4
130,131,116,7,0,23.0,1505.0,1444.0,4
131,132,117,1,0,2509.0,1493.4285714285713,1386.6,4
132,133,118,2,0,2284.0,1505.142857142857,1398.8,4
133,134,119,3,0,2068.0,1461.857142857143,1417.9666666666667,4
134,135,120,4,0,1088.0,1440.142857142857,1443.7666666666667,4
135,136,121,5,0,2030.0,1432.4285714285713,1429.1333333333334,4
136,137,122,6,0,38.0,1446.142857142857,1490.2,4
138,139,123,1,1,1940.0,1434.2857142857142,1419.3333333333333,4
139,140,124,2,0,2342.0,1708.142857142857,1429.6333333333334,4
140,141,125,3,0,5581.0,1684.2857142857142,1445.7333333333333,4
141,142,126,4,0,2333.0,2155.285714285714,1583.5333333333333,4
142,143,127,5,0,1931.0,2193.1428571428573,1610.8333333333333,4
143,144,128,6,0,140.0,2313.5714285714284,1670.6333333333334,4
145,146,129,1,1,1794.0,2043.5714285714287,1674.1,4
146,147,130,2,0,2055.0,2294.4285714285716,1663.7666666666667,4
147,148,131,3,0,1658.0,2310.8571428571427,1679.4666666666667,4
148,149,132,4,0,1497.0,2213.1428571428573,1686.4333333333334,4
149,150,133,5,0,1161.0,1629.7142857142858,1699.6,4
150,151,134,6,0,113.0,1462.2857142857142,1679.1666666666667,4
151,152,135,7,0,14.0,1202.5714285714287,1634.2,4
152,153,136,1,0,2374.0,1184.5714285714287,1580.4666666666667,5
153,154,137,2,0,1885.0,1267.4285714285713,1657.1666666666667,5
154,155,138,3,0,1606.0,1243.142857142857,1637.2,5
155,156,139,4,0,1690.0,1235.7142857142858,1633.3,5
156,157,140,5,0,1354.0,1263.2857142857142,1686.1666666666667,5
157,158,141,6,0,1266.0,1290.857142857143,1650.4,5
158,159,142,7,0,1309.0,1455.5714285714287,1606.3666666666666,5
159,160,143,1,0,89.0,1640.5714285714287,1576.0,5
162,163,144,4,1,2265.0,1314.142857142857,1540.9,5
163,164,145,5,0,1721.0,1368.4285714285713,1551.9333333333334,5
164,165,146,6,0,150.0,1384.857142857143,1605.2666666666667,5
165,166,147,7,0,26.0,1164.857142857143,1609.5,5
166,167,148,1,0,1612.0,975.1428571428571,1526.7333333333333,5
167,168,149,2,0,2178.0,1024.5714285714287,1504.3333333333333,5
168,169,150,3,0,1539.0,1148.7142857142858,1508.0,5
169,170,151,4,0,1067.0,1355.857142857143,1523.0333333333333,5
170,171,152,5,0,1325.0,1184.7142857142858,1490.9333333333334,5
171,172,153,6,0,85.0,1128.142857142857,1533.8333333333333,5
172,173,154,7,0,36.0,1118.857142857143,1472.0,5
173,174,155,1,0,1778.0,1120.2857142857142,1395.1333333333334,5
174,175,156,2,0,2336.0,1144.0,1268.3666666666666,5
175,176,157,3,0,1487.0,1166.5714285714287,1268.4666666666667,5
176,177,158,4,0,1025.0,1159.142857142857,1253.6666666666667,5
177,178,159,5,0,1659.0,1153.142857142857,1283.1666666666667,5
178,179,160,6,0,183.0,1200.857142857143,1278.6666666666667,5
180,181,161,1,1,1819.0,1214.857142857143,1216.2666666666667,5
181,182,162,2,0,1781.0,1469.5714285714287,1221.6333333333334,5
182,183,163,3,0,1924.0,1470.0,1231.1,6
183,184,164,4,0,1256.0,1411.142857142857,1256.5333333333333,6
184,185,165,5,0,1526.0,1378.142857142857,1294.6333333333334,6
185,186,166,6,0,108.0,1449.7142857142858,1345.0333333333333,6
186,187,167,7,0,14.0,1228.142857142857,1269.5,6
187,188,168,1,0,1804.0,1204.0,1207.1333333333334,6
188,189,169,2,0,1615.0,1201.857142857143,1213.7333333333333,6
189,190,170,3,0,1558.0,1178.142857142857,1211.2333333333333,6
190,191,171,4,0,810.0,1125.857142857143,1218.0333333333333,6
191,192,172,5,0,1603.0,1062.142857142857,1202.8333333333333,6
192,193,173,6,0,94.0,1073.142857142857,1212.6333333333334,6
193,194,174,7,0,23.0,1071.142857142857,1212.8,6
194,195,175,1,0,2141.0,1072.4285714285713,1138.0666666666666,6
195,196,176,2,0,1759.0,1120.5714285714287,1152.0666666666666,6
196,197,177,3,0,1506.0,1141.142857142857,1205.7,6
197,198,178,4,0,1271.0,1133.7142857142858,1255.0333333333333,6
198,199,179,5,0,1633.0,1199.5714285714287,1243.6666666666667,6
199,200,180,6,0,154.0,1203.857142857143,1225.5,6
200,201,181,7,0,14.0,1212.4285714285713,1179.3333333333333,6
201,202,182,1,0,2028.0,1211.142857142857,1144.2333333333333,6
202,203,183,2,0,2033.0,1195.0,1167.6666666666667,6
203,204,184,3,0,1346.0,1234.142857142857,1232.6,6
204,205,185,4,0,1031.0,1211.2857142857142,1276.2666666666667,6
205,206,186,5,0,1290.0,1177.0,1251.3666666666666,6
206,207,187,6,0,42.0,1128.0,1216.5,6
208,209,188,1,1,1961.0,1112.0,1168.3333333333333,6
209,210,189,2,0,1751.0,1390.142857142857,1199.5333333333333,6
210,211,190,3,0,1505.0,1350.5714285714287,1202.6,6
211,212,191,4,0,1477.0,1275.142857142857,1246.6666666666667,6
212,213,192,5,0,1892.0,1293.857142857143,1235.2666666666667,6
213,214,193,6,0,81.0,1416.857142857143,1238.9666666666667,7
215,216,194,1,1,2100.0,1244.142857142857,1177.5333333333333,7
216,217,195,2,0,1905.0,1538.142857142857,1205.6666666666667,7
217,218,196,3,0,1682.0,1530.142857142857,1218.3,7
218,219,197,4,0,1370.0,1520.2857142857142,1270.7666666666667,7
219,220,198,5,0,985.0,1501.0,1315.9666666666667,7
220,221,199,6,0,27.0,1430.7142857142858,1288.6666666666667,7
222,223,200,1,1,1804.0,1164.2857142857142,1235.7333333333333,7
223,224,201,2,0,1760.0,1410.4285714285713,1243.9333333333334,7
224,225,202,3,0,1951.0,1361.857142857143,1275.6,7
225,226,203,4,0,1058.0,1368.4285714285713,1287.2,7
226,227,204,5,0,1150.0,1279.2857142857142,1319.3333333333333,7
227,228,205,6,0,363.0,1247.857142857143,1356.9,7
229,230,206,1,1,2765.0,1159.0,1297.6333333333334,7
230,231,207,2,0,2281.0,1550.142857142857,1331.1666666666667,7
231,232,208,3,0,1064.0,1618.2857142857142,1357.0,7
232,233,209,4,0,1438.0,1518.857142857143,1350.1,7
233,234,210,5,0,1698.0,1445.5714285714287,1343.6,7
234,235,211,6,0,122.0,1537.0,1395.0666666666666,7
235,236,212,7,0,14.0,1390.142857142857,1398.6666666666667,7
236,237,213,1,0,2106.0,1340.2857142857142,1331.5333333333333,7
237,238,214,2,0,1811.0,1246.142857142857,1333.9666666666667,7
238,239,215,3,0,1751.0,1179.0,1349.4666666666667,7
239,240,216,4,0,1433.0,1277.142857142857,1373.4666666666667,7
240,241,217,5,0,1034.0,1276.4285714285713,1378.2333333333333,7
241,242,218,6,0,73.0,1181.5714285714287,1411.3,7
242,243,219,7,0,26.0,1174.5714285714287,1348.3666666666666,7
243,244,220,1,0,1775.0,1176.2857142857142,1290.8666666666666,8
244,245,221,2,0,2032.0,1129.0,1299.8666666666666,8
245,246,222,3,0,1607.0,1160.5714285714287,1318.3666666666666,8
246,247,223,4,0,861.0,1140.0,1308.8666666666666,8
247,248,224,5,0,1534.0,1058.2857142857142,1334.8666666666666,8
248,249,225,6,0,371.0,1129.7142857142858,1316.0,8
250,251,226,1,1,1794.0,1172.2857142857142,1264.8666666666666,8
251,252,227,2,0,1965.0,1424.857142857143,1268.6,8
252,253,228,3,0,1408.0,1452.0,1288.4333333333334,8
253,254,229,4,0,1762.0,1362.857142857143,1302.5333333333333,8
254,255,230,5,0,1329.0,1385.0,1360.3666666666666,8
255,256,231,6,0,188.0,1451.857142857143,1344.5333333333333,8
257,258,232,1,1,2288.0,1259.5714285714287,1292.1333333333334,8
258,259,233,2,0,1900.0,1533.4285714285713,1303.3666666666666,8
259,260,234,3,0,2101.0,1548.5714285714287,1331.4333333333334,8
260,261,235,4,0,48.0,1568.0,1363.1333333333334,8
261,262,236,5,0,13.0,1373.7142857142858,1352.6333333333334,8
263,264,237,7,1,2933.0,1123.857142857143,1260.9,8
264,265,238,1,0,2330.0,1353.0,1282.6333333333334,8
265,266,239,2,0,2483.0,1659.0,1324.8333333333333,8
266,267,240,3,0,1949.0,1686.857142857143,1359.6666666666667,8
267,268,241,4,0,1898.0,1693.857142857143,1368.0333333333333,8
268,269,242,5,0,2025.0,1664.857142857143,1427.2333333333333,8
269,270,243,6,0,243.0,1947.2857142857142,1494.2666666666667,8
270,271,244,7,0,2876.0,1980.142857142857,1432.1666666666667,8
271,272,245,1,0,2172.0,1972.0,1467.6666666666667,8
273,274,246,3,1,117.0,1949.4285714285713,1481.7,8
275,276,247,5,1,17.0,1611.4285714285713,1437.8333333333333,9
276,277,248,6,0,16.0,1335.4285714285713,1403.9333333333334,9
277,278,249,7,0,19.0,1066.5714285714287,1402.0333333333333,9
279,280,250,2,1,4723.0,780.0,1401.8,9
280,281,251,3,0,2681.0,1420.0,1500.0666666666666,9
281,282,252,4,0,1876.0,1392.142857142857,1521.7,9
282,283,253,5,0,1339.0,1349.857142857143,1530.6666666666667,9
283,284,254,6,0,1414.0,1524.4285714285713,1546.6,9
284,285,255,7,0,19.0,1724.0,1542.6,9
285,286,256,1,0,2250.0,1724.4285714285713,1530.8666666666666,9
286,287,257,2,0,2669.0,2043.142857142857,1546.0666666666666,9
287,288,258,3,0,2540.0,1749.7142857142858,1569.5333333333333,9
288,289,259,4,0,997.0,1729.5714285714287,1607.2666666666667,9
289,290,260,5,0,1808.0,1604.0,1581.7666666666667,9
290,291,261,6,0,171.0,1671.0,1597.7333333333333,9
292,293,262,1,1,1909.0,1493.4285714285713,1597.1666666666667,9
293,294,263,2,0,2541.0,1763.4285714285713,1584.5333333333333,9
294,295,264,3,0,1722.0,1805.0,1605.9,9
295,296,265,4,0,1606.0,1669.7142857142858,1593.2666666666667,9
296,297,266,5,0,1664.0,1536.2857142857142,1645.2,9
297,298,267,6,0,192.0,1631.5714285714287,1700.2333333333333,9
299,300,268,1,1,2436.0,1400.7142857142858,1608.8666666666666,9
300,301,269,2,0,2077.0,1724.2857142857142,1612.4,9
301,302,270,3,0,1789.0,1748.2857142857142,1598.8666666666666,9
302,303,271,4,0,1321.0,1640.857142857143,1593.5333333333333,9
303,304,272,5,0,1714.0,1583.5714285714287,1574.3,9
304,305,273,6,0,129.0,1599.0,1563.9333333333334,10
306,307,274,1,1,2059.0,1379.7142857142858,1560.1333333333334,10
307,308,275,2,0,1849.0,1646.4285714285713,1532.9,10
308,309,276,3,0,1631.0,1562.5714285714287,1522.1333333333334,10
309,310,277,4,0,1197.0,1498.857142857143,1572.6,10
310,311,278,5,0,2099.0,1414.2857142857142,1611.9333333333334,10
311,312,279,6,0,206.0,1525.4285714285713,1681.3666666666666,10
313,314,280,1,1,1712.0,1310.0,1687.6,10
314,315,281,2,0,2338.0,1536.142857142857,1587.2333333333333,10
315,316,282,3,0,2103.0,1576.0,1575.8,10
316,317,283,4,0,1130.0,1612.2857142857142,1583.3666666666666,10
317,318,284,5,0,1693.0,1540.7142857142858,1576.4,10
318,319,285,6,0,170.0,1611.5714285714287,1585.7,10
320,321,286,1,1,2057.0,1336.0,1590.7333333333333,10
321,322,287,2,0,2160.0,1600.4285714285713,1584.3,10
322,323,288,3,0,1519.0,1664.4285714285713,1567.3333333333333,10
323,324,289,4,0,1357.0,1547.4285714285713,1533.3,10
324,325,290,5,0,1698.0,1440.857142857143,1545.3,10
325,326,291,6,0,192.0,1522.0,1541.6333333333334,10
326,327,292,7,0,22.0,1307.5714285714287,1542.3333333333333,10
327,328,293,1,0,2118.0,1286.4285714285713,1479.4333333333334,10
328,329,294,2,0,2170.0,1295.142857142857,1465.3333333333333,10
329,330,295,3,0,1681.0,1296.5714285714287,1480.2666666666667,10
330,331,296,4,0,1454.0,1319.7142857142858,1482.7666666666667,10
331,332,297,5,0,1849.0,1333.5714285714287,1475.7666666666667,10
332,333,298,6,0,778.0,1355.142857142857,1531.0,10
334,335,299,1,1,2290.0,1438.857142857143,1475.7333333333333,10
335,336,300,2,0,2126.0,1762.857142857143,1482.8333333333333,11
336,337,301,3,0,2309.0,1764.0,1494.0666666666666,11
337,338,302,4,0,1288.0,1783.857142857143,1527.0,11
338,339,303,5,0,1654.0,1727.7142857142858,1512.8,11
339,340,304,6,0,377.0,1756.2857142857142,1563.6333333333334,11
341,342,305,1,1,2026.0,1546.0,1507.5666666666666,11
342,343,306,2,0,2002.0,1724.2857142857142,1513.4666666666667,11
343,344,307,3,0,2739.0,1683.142857142857,1525.8333333333333,11
344,345,308,4,0,1726.0,1770.7142857142858,1577.2333333333333,11
345,346,309,5,0,1474.0,1687.4285714285713,1564.8,11
346,347,310,6,0,255.0,1714.0,1607.0666666666666,11
348,349,311,1,1,2156.0,1514.142857142857,1558.5,11
349,350,312,2,0,1680.0,1768.2857142857142,1552.4333333333334,11
350,351,313,3,0,1979.0,1718.857142857143,1538.3333333333333,11
351,352,314,4,0,1207.0,1715.5714285714287,1566.6333333333334,11
352,353,315,5,0,1831.0,1496.7142857142858,1550.4333333333334,11
353,354,316,6,0,278.0,1511.7142857142858,1605.8,11
355,356,317,1,1,1587.0,1340.857142857143,1546.5,11
356,357,318,2,0,1514.0,1531.142857142857,1527.4,11
357,358,319,3,0,1584.0,1439.4285714285713,1527.2333333333333,11
358,359,320,4,0,1365.0,1425.7142857142858,1534.8,11
359,360,321,5,0,1642.0,1338.0,1523.7,11
360,361,322,6,0,205.0,1400.142857142857,1572.0333333333333,11
362,363,323,1,1,1660.0,1167.857142857143,1578.1333333333334,11
363,364,324,2,0,950.0,1365.2857142857142,1562.8666666666666,11
365,366,325,4,1,4254.0,1274.2857142857142,1522.2,0
366,367,326,5,0,4569.0,1665.7142857142858,1607.9666666666667,0
367,368,327,6,0,649.0,2092.1428571428573,1711.8,0
369,370,328,1,1,5202.0,1989.857142857143,1671.8,0
370,371,329,2,0,5090.0,2498.4285714285716,1819.2666666666667,0
371,372,330,3,0,3488.0,3196.285714285714,1912.6,0
372,373,331,4,0,2171.0,3457.4285714285716,1958.0,0
373,374,332,5,0,3075.0,3631.8571428571427,1953.4,0
374,375,333,6,0,441.0,3463.4285714285716,2012.9666666666667,0
376,377,334,1,1,2593.0,2873.714285714286,1972.5333333333333,0
377,378,335,2,0,2796.0,3151.4285714285716,2046.4,0
378,379,336,3,0,2546.0,2807.714285714286,2072.0666666666666,0
379,380,337,4,0,2706.0,2444.285714285714,2090.2,0
380,381,338,5,0,3006.0,2332.5714285714284,2089.1,0
381,382,339,6,0,411.0,2451.8571428571427,2131.766666666667,0
383,384,340,1,1,3591.0,2071.285714285714,2096.3333333333335,0
384,385,341,2,0,3528.0,2521.285714285714,2207.5333333333333,0
385,386,342,3,0,3534.0,2654.8571428571427,2253.266666666667,0
386,387,343,4,0,2142.0,2760.285714285714,2315.0666666666666,0
387,388,344,5,0,3887.0,2702.5714285714284,2320.5,0
388,389,345,6,0,324.0,2871.285714285714,2409.8333333333335,0
389,390,346,7,0,1659.0,2488.1428571428573,2359.6,0
390,391,347,1,0,4320.0,2666.4285714285716,2405.633333333333,0
391,392,348,2,0,3957.0,2770.5714285714284,2496.733333333333,0
392,393,349,3,0,1598.0,2831.8571428571427,2578.1666666666665,0
393,394,350,4,0,244.0,2555.285714285714,2578.633333333333,0
399,400,351,3,1,23.0,2284.1428571428573,2541.266666666667,1
400,401,352,4,0,19.0,1732.142857142857,2487.3,1
401,402,353,5,0,4061.0,1688.5714285714287,2481.1,1
402,403,354,6,0,3332.0,2031.7142857142858,2561.133333333333,1
403,404,355,7,0,13.0,1890.5714285714287,2640.5333333333333,1
404,405,356,1,0,3710.0,1327.142857142857,2499.1666666666665,1
405,406,357,2,0,3525.0,1628.857142857143,2470.5333333333333,1
406,407,358,3,0,2282.0,2097.5714285714284,2566.4,1
407,408,359,4,0,1576.0,2420.285714285714,2469.0666666666666,1
408,409,360,5,0,1772.0,2642.714285714286,2351.9333333333334,1
409,410,361,6,0,272.0,2315.714285714286,2294.733333333333,1
410,411,362,7,0,18.0,1878.5714285714287,2231.4333333333334,1
411,412,363,1,0,1835.0,1879.2857142857142,2129.5333333333333,1
412,413,364,2,0,1904.0,1611.4285714285713,2176.0,1
413,414,365,3,0,2040.0,1379.857142857143,2153.0333333333333,1
414,415,366,4,0,1532.0,1345.2857142857142,2127.8333333333335,1
415,416,367,5,0,1905.0,1339.0,2094.0333333333333,1
416,417,368,6,0,250.0,1358.0,2067.3333333333335,1
417,418,369,7,0,13.0,1354.857142857143,1975.4666666666667,1
418,419,370,1,0,2387.0,1354.142857142857,1962.2,1
419,420,371,2,0,3224.0,1433.0,1922.0666666666666,1
420,421,372,3,0,2471.0,1621.5714285714287,1911.9333333333334,1
421,422,373,4,0,1566.0,1683.142857142857,1876.5,1
422,423,374,5,0,1308.0,1688.0,1857.3,1
423,424,375,6,0,305.0,1602.7142857142858,1771.3333333333333,1
424,425,376,7,0,27.0,1610.5714285714287,1770.7,1
425,426,377,1,0,2206.0,1612.5714285714287,1716.3,1
426,427,378,2,0,2018.0,1586.7142857142858,1645.8333333333333,2
427,428,379,3,0,1722.0,1414.4285714285713,1581.2,2
428,429,380,4,0,1437.0,1307.4285714285713,1585.3333333333333,2
429,430,381,5,0,1064.0,1289.0,1625.1,2
430,431,382,6,0,390.0,1254.142857142857,1659.8,2
432,433,383,1,1,2065.0,1266.2857142857142,1672.1666666666667,2
433,434,384,2,0,1802.0,1557.4285714285713,1605.6333333333334,2
434,435,385,3,0,1693.0,1499.7142857142858,1554.6333333333334,2
435,436,386,4,0,1392.0,1453.2857142857142,1610.6333333333334,2
436,437,387,5,0,1129.0,1406.142857142857,1533.3666666666666,2
437,438,388,6,0,239.0,1362.142857142857,1453.5,2
439,440,389,1,1,1932.0,1244.2857142857142,1385.4,2
440,441,390,2,0,2848.0,1464.5714285714287,1397.2666666666667,2
441,442,391,3,0,1933.0,1576.4285714285713,1433.1333333333334,2
442,443,392,4,0,1124.0,1595.142857142857,1488.5,2
443,444,393,5,0,1500.0,1513.857142857143,1525.3666666666666,2
444,445,394,6,0,222.0,1529.2857142857142,1514.2,2
446,447,395,1,1,1582.0,1399.7142857142858,1458.1333333333334,2
447,448,396,2,0,2051.0,1591.5714285714287,1442.8666666666666,2
448,449,397,3,0,2954.0,1608.5714285714287,1460.1666666666667,2
449,450,398,4,0,1534.0,1623.7142857142858,1495.1333333333334,2
450,451,399,5,0,2473.0,1566.7142857142858,1537.9333333333334,2
451,452,400,6,0,139.0,1759.4285714285713,1619.9333333333334,2
452,453,401,7,0,25.0,1565.0,1545.0,2
453,454,402,1,0,1739.0,1536.857142857143,1438.3666666666666,2
454,455,403,2,0,1915.0,1559.2857142857142,1413.9666666666667,2
455,456,404,3,0,1787.0,1539.857142857143,1425.6,2
456,457,405,4,0,1668.0,1373.142857142857,1441.5666666666666,2
457,458,406,5,0,1348.0,1392.2857142857142,1487.0,3
458,459,407,6,0,25.0,1231.5714285714287,1531.0333333333333,3
459,460,408,7,0,22.0,1215.2857142857142,1458.3333333333333,3
460,461,409,1,0,59.0,1214.857142857143,1391.8,3
461,462,410,2,0,3076.0,974.8571428571429,1336.3666666666666,3
462,463,411,3,0,2469.0,1140.7142857142858,1391.0,3
463,464,412,4,0,1603.0,1238.142857142857,1437.8333333333333,3
464,465,413,5,0,1460.0,1228.857142857143,1478.2666666666667,3
465,466,414,6,0,182.0,1244.857142857143,1458.1,3
467,468,415,1,1,1901.0,1267.2857142857142,1404.1,3
468,469,416,2,0,1870.0,1535.7142857142858,1411.0333333333333,3
469,470,417,3,0,1682.0,1794.4285714285713,1426.9666666666667,3
470,471,418,4,0,2176.0,1595.2857142857142,1445.4,3
471,472,419,5,0,1885.0,1553.4285714285713,1509.9666666666667,3
472,473,420,6,0,357.0,1593.7142857142858,1508.4,3
473,474,421,7,0,22.0,1436.142857142857,1425.3666666666666,3
474,475,422,1,0,2070.0,1413.2857142857142,1361.6666666666667,3
475,476,423,2,0,2607.0,1437.4285714285713,1393.2,3
476,477,424,3,0,1803.0,1542.7142857142858,1430.1,3
477,478,425,4,0,1100.0,1560.0,1482.8,3
478,479,426,5,0,2248.0,1406.2857142857142,1466.7333333333333,3
479,480,427,6,0,230.0,1458.142857142857,1473.3,3
481,482,428,1,1,1901.0,1440.0,1382.5,3
482,483,429,2,0,2174.0,1708.4285714285713,1394.7333333333333,3
483,484,430,3,0,1863.0,1723.2857142857142,1384.7666666666667,3
485,486,431,5,1,12.0,1617.0,1442.2333333333333,3
486,487,432,6,0,72.0,1361.142857142857,1441.8,3
487,488,433,7,0,2590.0,1214.2857142857142,1386.2333333333333,4
488,489,434,1,0,1621.0,1263.142857142857,1408.7333333333333,4
489,490,435,2,0,2257.0,1461.857142857143,1403.2,4
490,491,436,3,0,2025.0,1512.7142857142858,1422.8333333333333,4
491,492,437,4,0,2284.0,1491.4285714285713,1445.4,4
492,493,438,5,0,1628.0,1551.5714285714287,1520.7,4
493,494,439,6,0,191.0,1782.4285714285713,1574.2333333333333,4
495,496,440,1,1,1599.0,1799.4285714285713,1578.6333333333334,4
496,497,441,2,0,1857.0,1657.857142857143,1529.4,4
497,498,442,3,0,1755.0,1691.5714285714287,1509.0,4
498,499,443,4,0,1230.0,1619.857142857143,1514.0666666666666,4
499,500,444,5,0,1686.0,1506.2857142857142,1506.4,4
500,501,445,6,0,263.0,1420.857142857143,1556.5333333333333,4
501,502,446,7,0,18.0,1225.857142857143,1501.9333333333334,4
502,503,447,1,0,1812.0,1201.142857142857,1440.2,4
503,504,448,2,0,1841.0,1231.5714285714287,1444.5333333333333,4
504,505,449,3,0,1090.0,1229.2857142857142,1433.3666666666666,4
505,506,450,4,0,1253.0,1134.2857142857142,1406.8666666666666,4
506,507,451,5,0,1545.0,1137.5714285714287,1436.7333333333333,4
507,508,452,6,0,123.0,1117.4285714285713,1487.5,4
509,510,453,1,1,1862.0,1097.4285714285713,1422.6,4
510,511,454,2,0,1769.0,1360.857142857143,1397.7666666666667,4
511,512,455,3,0,1302.0,1354.7142857142858,1396.6333333333334,4
512,513,456,4,0,1201.0,1277.7142857142858,1403.3666666666666,4
513,514,457,5,0,2338.0,1293.5714285714287,1368.4666666666667,4
514,515,458,6,0,153.0,1448.5714285714287,1438.7333333333333,4
515,516,459,7,0,47.0,1249.7142857142858,1380.4666666666667,4
517,518,460,2,1,2908.0,1238.857142857143,1309.5666666666666,4
518,519,461,3,0,1661.0,1388.2857142857142,1344.4,5
519,520,462,4,0,1081.0,1372.857142857143,1399.3666666666666,5
520,521,463,5,0,1774.0,1341.2857142857142,1433.0,5
521,522,464,6,0,124.0,1423.142857142857,1405.8,5
522,523,465,7,0,13.0,1106.857142857143,1355.9,5
523,524,466,1,0,1919.0,1086.857142857143,1281.1,5
524,525,467,2,0,1288.0,1354.2857142857142,1277.5666666666666,5
525,526,468,3,0,1073.0,1122.857142857143,1244.3666666666666,5
526,527,469,4,0,1025.0,1038.857142857143,1225.8666666666666,5
527,528,470,5,0,1383.0,1030.857142857143,1253.6666666666667,5
528,529,471,6,0,212.0,975.0,1246.4666666666667,5
530,531,472,1,1,1489.0,987.5714285714286,1191.6333333333334,5
531,532,473,2,0,1713.0,1198.4285714285713,1182.7666666666667,5
532,533,474,3,0,1952.0,1169.0,1198.8666666666666,5
533,534,475,4,0,1227.0,1263.857142857143,1207.7333333333333,5
534,535,476,5,0,1370.0,1285.857142857143,1239.8666666666666,5
535,536,477,6,0,133.0,1335.142857142857,1284.9333333333334,5
537,538,478,1,1,1616.0,1156.5714285714287,1228.9666666666667,5
538,539,479,2,0,2016.0,1357.142857142857,1221.4666666666667,5
539,540,480,3,0,2483.0,1432.4285714285713,1252.3333333333333,5
540,541,481,4,0,1467.0,1542.4285714285713,1293.3333333333333,5
541,542,482,5,0,2049.0,1473.142857142857,1290.7333333333333,5
542,543,483,6,0,291.0,1590.5714285714287,1354.9333333333334,5
544,545,484,1,1,1184.0,1436.4285714285713,1302.5666666666666,5
545,546,485,2,0,2822.0,1586.5714285714287,1283.0666666666666,5
546,547,486,3,0,2027.0,1758.857142857143,1333.7333333333333,5
547,548,487,4,0,1542.0,1760.4285714285713,1361.2666666666667,5
548,549,488,5,0,1754.0,1626.0,1334.7333333333333,6
549,550,489,6,0,107.0,1667.0,1388.1,6
551,552,490,1,1,1983.0,1389.5714285714287,1390.1,6
552,553,491,2,0,2209.0,1631.2857142857142,1359.2666666666667,6
553,554,492,3,0,1731.0,1777.7142857142858,1377.5333333333333,6
554,555,493,4,0,1266.0,1621.857142857143,1399.2,6
555,556,494,5,0,1494.0,1513.142857142857,1382.2666666666667,6
556,557,495,6,0,152.0,1506.2857142857142,1427.9333333333334,6
558,559,496,1,1,2065.0,1277.4285714285713,1432.5666666666666,6
559,560,497,2,0,2072.0,1557.142857142857,1437.4333333333334,6
560,561,498,3,0,1792.0,1569.857142857143,1463.5666666666666,6
561,562,499,4,0,1512.0,1510.2857142857142,1487.5333333333333,6
562,563,500,5,0,1853.0,1479.0,1503.7666666666667,6
563,564,501,6,0,248.0,1562.857142857143,1519.4333333333334,6
565,566,502,1,1,1740.0,1384.857142857143,1520.6333333333334,6
566,567,503,2,0,1739.0,1611.7142857142858,1529.0,6
567,568,504,3,0,1495.0,1565.142857142857,1529.8666666666666,6
568,569,505,4,0,1656.0,1482.7142857142858,1514.6333333333334,6
569,570,506,5,0,1244.0,1463.2857142857142,1528.9333333333334,6
570,571,507,6,0,41.0,1425.0,1524.7333333333333,6
572,573,508,1,1,1755.0,1166.142857142857,1521.6666666666667,6
573,574,509,2,0,1749.0,1381.4285714285713,1526.3,6
574,575,510,3,0,1313.0,1382.7142857142858,1517.4,6
575,576,511,4,0,1175.0,1321.857142857143,1478.4,6
576,577,512,5,0,1391.0,1276.142857142857,1468.6666666666667,6
577,578,513,6,0,248.0,1238.2857142857142,1446.7333333333333,6
579,580,514,1,1,2022.0,1096.0,1445.3,7
580,581,515,2,0,2787.0,1379.0,1473.2333333333333,7
581,582,516,3,0,1658.0,1526.4285714285713,1472.0666666666666,7
582,583,517,4,0,1023.0,1513.4285714285713,1459.7666666666667,7
583,584,518,5,0,1545.0,1472.0,1442.4666666666667,7
584,585,519,6,0,207.0,1524.857142857143,1435.5,7
586,587,520,1,1,2076.0,1355.7142857142858,1438.8333333333333,7
587,588,521,2,0,1416.0,1616.857142857143,1441.9333333333334,7
588,589,522,3,0,1421.0,1530.2857142857142,1415.5,7
589,590,523,4,0,1130.0,1335.142857142857,1405.1666666666667,7
590,591,524,5,0,1377.0,1259.7142857142858,1400.6333333333334,7
591,592,525,6,0,248.0,1310.2857142857142,1396.7333333333333,7
593,594,526,1,1,1867.0,1125.0,1399.9333333333334,7
594,595,527,2,0,1941.0,1362.142857142857,1393.3333333333333,7
595,596,528,3,0,1707.0,1342.857142857143,1388.9666666666667,7
596,597,529,4,0,1510.0,1384.4285714285713,1386.1333333333334,7
597,598,530,5,0,1065.0,1397.142857142857,1386.0666666666666,7
598,599,531,6,0,305.0,1387.857142857143,1359.8,7
599,600,532,7,0,13.0,1234.7142857142858,1361.7,7
600,601,533,1,0,1824.0,1201.142857142857,1304.1333333333334,7
601,602,534,2,0,2049.0,1195.0,1306.9666666666667,7
602,603,535,3,0,1371.0,1210.4285714285713,1325.4333333333334,7
603,604,536,4,0,1299.0,1162.4285714285713,1315.9333333333334,7
604,605,537,5,0,1752.0,1132.2857142857142,1317.7666666666667,7
605,606,538,6,0,212.0,1230.4285714285713,1374.8,7
607,608,539,1,1,2764.0,1217.142857142857,1323.3666666666666,7
608,609,540,2,0,2466.0,1610.142857142857,1357.2,7
609,610,541,3,0,2079.0,1701.857142857143,1395.6333333333334,8
610,611,542,4,0,1471.0,1706.142857142857,1425.7666666666667,8
611,612,543,5,0,2344.0,1720.4285714285713,1428.4333333333334,8
612,613,544,6,0,218.0,1869.7142857142858,1498.3,8
615,616,545,2,1,4044.0,1650.5714285714287,1438.1666666666667,8
616,617,546,3,0,2265.0,2198.0,1480.0666666666666,8
617,618,547,4,0,1602.0,2126.714285714286,1500.3,8
618,619,548,5,0,2033.0,2003.2857142857142,1519.6,8
619,620,549,6,0,317.0,1996.7142857142858,1535.8666666666666,8
621,622,550,1,1,2209.0,1831.857142857143,1539.5333333333333,8
622,623,551,2,0,2231.0,1812.5714285714287,1543.9666666666667,8
623,624,552,3,0,1190.0,2100.1428571428573,1571.1333333333334,8
624,625,553,4,0,1413.0,1692.4285714285713,1563.4333333333334,8
625,626,554,5,0,2097.0,1570.7142857142858,1572.8666666666666,8
626,627,555,6,0,205.0,1641.4285714285713,1596.8666666666666,8
628,629,556,1,1,2156.0,1380.2857142857142,1595.4333333333334,8
629,630,557,2,0,2219.0,1643.0,1605.0666666666666,8
630,631,558,3,0,1801.0,1644.4285714285713,1614.3333333333333,8
631,632,559,4,0,1657.0,1583.0,1617.4666666666667,8
632,633,560,5,0,2965.0,1649.7142857142858,1622.3666666666666,8
633,634,561,6,0,382.0,1871.4285714285713,1685.7,8
634,635,562,7,0,1268.0,1626.4285714285713,1688.2666666666667,8
635,636,563,1,0,2915.0,1778.2857142857142,1730.1,8
636,637,564,2,0,3137.0,1886.7142857142858,1766.4666666666667,8
637,638,565,3,0,132.0,2017.857142857143,1802.7333333333333,8
642,643,566,1,1,52.0,1779.4285714285713,1761.4333333333334,9
643,644,567,2,0,15.0,1550.142857142857,1719.8666666666666,9
644,645,568,3,0,4783.0,1128.7142857142858,1661.9666666666667,9
645,646,569,4,0,2396.0,1757.4285714285713,1814.3333333333333,9
646,647,570,5,0,2454.0,1918.5714285714287,1802.0666666666666,9
647,648,571,6,0,1964.0,1852.7142857142858,1801.6666666666667,9
648,649,572,7,0,35.0,1685.142857142857,1797.8333333333333,9
649,650,573,1,0,3096.0,1671.2857142857142,1749.9666666666667,9
650,651,574,2,0,2441.0,2106.1428571428573,1775.0333333333333,9
651,652,575,3,0,2282.0,2452.714285714286,1849.1333333333334,9
652,653,576,4,0,1467.0,2095.4285714285716,1790.4,9
653,654,577,5,0,1432.0,1962.7142857142858,1763.8,9
654,655,578,6,0,193.0,1816.7142857142858,1758.1333333333334,9
656,657,579,1,1,1792.0,1563.7142857142858,1696.8,9
657,658,580,2,0,2085.0,1814.7142857142858,1745.9666666666667,9
658,659,581,3,0,1967.0,1670.2857142857142,1741.8333333333333,9
659,660,582,4,0,1312.0,1602.5714285714287,1733.0333333333333,9
660,661,583,5,0,1381.0,1464.0,1737.1,9
661,662,584,6,0,218.0,1451.7142857142858,1736.0333333333333,9
663,664,585,1,1,1993.0,1278.2857142857142,1673.4,9
664,665,586,2,0,2389.0,1535.4285714285713,1733.0,9
665,666,587,3,0,2061.0,1620.7142857142858,1740.7666666666667,9
666,667,588,4,0,2394.0,1617.2857142857142,1735.5,9
667,668,589,5,0,1579.0,1678.2857142857142,1755.2666666666667,9
668,669,590,6,0,15.0,1716.4285714285713,1752.6666666666667,9
670,671,591,1,1,2136.0,1521.2857142857142,1654.3333333333333,10
671,672,592,2,0,1946.0,1795.2857142857142,1712.8,10
672,673,593,3,0,1762.0,1788.5714285714287,1735.4,10
673,674,594,4,0,1342.0,1699.0,1696.9666666666667,10
674,675,595,5,0,1718.0,1596.2857142857142,1637.1333333333334,10
675,676,596,6,0,256.0,1499.7142857142858,1690.0,10
677,678,597,1,1,2041.0,1310.7142857142858,1696.8,10
678,679,598,2,0,1692.0,1600.142857142857,1764.3333333333333,10
679,680,599,3,0,1867.0,1536.7142857142858,1661.3,10
680,681,600,4,0,1085.0,1525.4285714285713,1643.6666666666667,10
681,682,601,5,0,1932.0,1428.7142857142858,1598.0333333333333,10
682,683,602,6,0,245.0,1513.0,1596.9666666666667,10
683,684,603,7,0,22.0,1302.5714285714287,1603.9666666666667,10
684,685,604,1,0,2175.0,1269.142857142857,1501.5,10
685,686,605,2,0,2356.0,1288.2857142857142,1492.6333333333334,10
686,687,606,3,0,1869.0,1383.142857142857,1495.1,10
687,688,607,4,0,1468.0,1383.4285714285713,1508.5,10
688,689,608,5,0,1756.0,1438.142857142857,1509.7,10
689,690,609,6,0,246.0,1413.0,1561.8,10
691,692,610,1,1,1863.0,1413.142857142857,1510.2666666666667,10
692,693,611,2,0,2242.0,1676.142857142857,1502.8666666666666,10
693,694,612,3,0,1585.0,1685.7142857142858,1512.0333333333333,10
694,695,613,4,0,1243.0,1575.5714285714287,1521.1333333333334,10
695,696,614,5,0,1409.0,1486.142857142857,1516.5333333333333,10
696,697,615,6,0,344.0,1477.7142857142858,1556.2333333333333,10
698,699,616,1,1,2294.0,1276.0,1501.2666666666667,10
699,700,617,2,0,1778.0,1568.5714285714287,1498.1,10
700,701,618,3,0,1755.0,1556.4285714285713,1488.6666666666667,10
701,702,619,4,0,1641.0,1486.857142857143,1467.3666666666666,11
702,703,620,5,0,1459.0,1494.857142857143,1469.4333333333334,11
703,704,621,6,0,261.0,1525.7142857142858,1517.5666666666666,11
705,706,622,1,1,2024.0,1361.7142857142858,1455.0666666666666,11
706,707,623,2,0,2490.0,1601.7142857142858,1457.6666666666667,11
707,708,624,3,0,1504.0,1629.7142857142858,1481.9333333333334,11
708,709,625,4,0,1695.0,1590.5714285714287,1487.3333333333333,11
709,710,626,5,0,1706.0,1582.0,1486.5666666666666,11
710,711,627,6,0,138.0,1591.2857142857142,1534.9,11
712,713,628,1,1,2113.0,1402.5714285714287,1471.4666666666667,11
713,714,629,2,0,2036.0,1667.142857142857,1485.5,11
714,715,630,3,0,1729.0,1668.857142857143,1491.1333333333334,11
715,716,631,4,0,1332.0,1560.142857142857,1512.6,11
716,717,632,5,0,1977.0,1535.5714285714287,1492.6,11
717,718,633,6,0,186.0,1575.857142857143,1550.3333333333333,11
719,720,634,1,1,1593.0,1358.7142857142858,1555.8,11
720,721,635,2,0,3091.0,1566.5714285714287,1536.4,11
721,722,636,3,0,1960.0,1706.2857142857142,1560.9,11
722,723,637,4,0,769.0,1695.4285714285713,1563.9333333333334,11
723,724,638,5,0,1844.0,1558.2857142857142,1540.6333333333334,11
724,725,639,6,0,140.0,1631.4285714285713,1543.5666666666666,11
725,726,640,7,0,25.0,1369.0,1540.0333333333333,11
726,727,641,1,0,2167.0,1346.0,1478.7666666666667,11
727,728,642,2,0,1292.0,1428.0,1476.2666666666667,11
728,729,643,3,0,1278.0,1171.0,1466.5,11
729,730,644,4,0,75.0,1073.5714285714287,1467.6666666666667,11
732,733,645,7,1,7063.0,974.4285714285714,1423.2,0
733,734,646,1,0,5804.0,1720.0,1647.1666666666667,0
734,735,647,2,0,7226.0,2529.1428571428573,1764.1666666666667,0
735,736,648,3,0,3616.0,3557.8571428571427,1945.7666666666667,0
736,737,649,4,0,5742.0,3764.8571428571427,2007.8,0
737,738,650,5,0,4501.0,4400.571428571428,2144.5,0
738,739,651,6,0,796.0,4861.0,2245.9,0
740,741,652,1,1,4259.0,4964.0,2263.733333333333,0
741,742,653,2,0,3472.0,4563.428571428572,2338.233333333333,0
742,743,654,3,0,2482.0,4230.285714285715,2370.9666666666667,0
743,744,655,4,0,2722.0,3552.5714285714284,2403.5666666666666,0
744,745,656,5,0,2869.0,3424.8571428571427,2437.8,0
745,746,657,6,0,448.0,3014.4285714285716,2476.5666666666666,0
746,747,658,7,0,24.0,2435.4285714285716,2486.9,0
747,748,659,1,0,3425.0,2325.1428571428573,2417.266666666667,0
748,749,660,2,0,2794.0,2206.0,2463.5666666666666,0
749,750,661,3,0,2954.0,2109.1428571428573,2499.0666666666666,0
750,751,662,4,0,2501.0,2176.5714285714284,2553.133333333333,0
751,752,663,5,0,2883.0,2145.0,2570.6,0
752,753,664,6,0,699.0,2147.0,2660.5,0
753,754,665,7,0,24.0,2182.8571428571427,2630.7,0
754,755,666,1,0,2692.0,2182.8571428571427,2528.4666666666667,0
755,756,667,2,0,3526.0,2078.1428571428573,2552.866666666667,0
756,757,668,3,0,3877.0,2182.714285714286,2644.766666666667,0
757,758,669,4,0,2546.0,2314.5714285714284,2712.5333333333333,0
758,759,670,5,0,2709.0,2321.0,2792.733333333333,0
759,760,671,6,0,471.0,2296.1428571428573,2882.2,0
761,762,672,1,1,3469.0,2263.5714285714284,2825.6666666666665,0
762,763,673,2,0,3498.0,2755.714285714286,2898.233333333333,1
763,764,674,3,0,3835.0,2870.8571428571427,2972.233333333333,1
764,765,675,4,0,2530.0,2915.0,3097.5666666666666,1
765,766,676,5,0,2564.0,2722.5714285714284,2946.4666666666667,1
766,767,677,6,0,367.0,2725.1428571428573,2838.4666666666667,1
768,769,678,1,1,4217.0,2390.5714285714284,2609.8333333333335,1
769,770,679,2,0,4630.0,2925.714285714286,2629.866666666667,1
770,771,680,3,0,3877.0,3091.5714285714284,2592.8,1
771,772,681,4,0,4141.0,3145.714285714286,2572.0,1
772,773,682,5,0,3701.0,3189.4285714285716,2683.5,1
773,774,683,6,0,652.0,3356.714285714286,2664.9,1
774,775,684,7,0,2663.0,3083.5714285714284,2570.9,1
775,776,685,1,0,4903.0,3411.5714285714284,2576.9333333333334,1
776,777,686,2,0,2040.0,3509.5714285714284,2649.633333333333,1
783,784,687,2,1,23.0,3139.5714285714284,2622.0,1
784,785,688,3,0,4712.0,2589.0,2607.8333333333335,1
785,786,689,4,0,4395.0,2670.5714285714284,2764.1,1
786,787,690,5,0,3661.0,2769.714285714286,2796.4333333333334,1
787,788,691,6,0,2073.0,3199.5714285714284,2825.3333333333335,1
789,790,692,1,1,4832.0,3115.285714285714,2795.9666666666667,1
790,791,693,2,0,4032.0,3105.1428571428573,2873.6666666666665,1
791,792,694,3,0,2054.0,3389.714285714286,2911.9666666666667,1
792,793,695,4,0,1477.0,3679.8571428571427,2957.133333333333,2
793,794,696,5,0,1808.0,3217.714285714286,3005.5666666666666,2
794,795,697,6,0,290.0,2848.1428571428573,2976.1,2
796,797,698,1,1,2028.0,2366.5714285714284,2868.233333333333,2
797,798,699,2,0,2479.0,2360.1428571428573,2806.6,2
798,799,700,3,0,1426.0,2024.0,2804.366666666667,2
799,800,701,4,0,1693.0,1651.7142857142858,2761.6,2
800,801,702,5,0,1626.0,1600.142857142857,2802.3333333333335,2
801,802,703,6,0,236.0,1621.4285714285713,2740.9,2
803,804,704,1,1,2508.0,1396.857142857143,2632.1666666666665,2
804,805,705,2,0,2491.0,1713.7142857142858,2587.9333333333334,2
805,806,706,3,0,1907.0,1779.857142857143,2586.633333333333,2
806,807,707,4,0,1524.0,1698.142857142857,2564.733333333333,2
807,808,708,5,0,1664.0,1712.142857142857,2603.3,2
808,809,709,6,0,948.0,1708.0,2518.2,2
810,811,710,1,1,2617.0,1611.142857142857,2395.4666666666667,2
811,812,711,2,0,2325.0,1951.2857142857142,2353.4666666666667,2
812,813,712,3,0,2451.0,1925.142857142857,2292.9333333333334,2
813,814,713,4,0,1140.0,1919.4285714285713,2251.266666666667,2
814,815,714,5,0,1696.0,1809.857142857143,2267.5333333333333,2
815,816,715,6,0,376.0,1834.4285714285713,2235.3,2
817,818,716,1,1,2280.0,1650.4285714285713,2084.4,2
818,819,717,2,0,2007.0,1840.7142857142858,2092.4,2
819,820,718,3,0,1784.0,1753.5714285714287,2158.5333333333333,2
820,821,719,4,0,1102.0,1676.2857142857142,2060.9333333333334,2
821,822,720,5,0,1902.0,1483.5714285714287,1951.1666666666667,2
822,823,721,6,0,55.0,1592.4285714285713,1892.5333333333333,2
824,825,722,1,1,13.0,1358.0,1825.2666666666667,3
825,826,723,2,0,3380.0,1306.142857142857,1664.6333333333334,3
826,827,724,3,0,2690.0,1463.2857142857142,1642.9,3
827,828,725,4,0,1348.0,1560.857142857143,1664.1,3
828,829,726,5,0,2035.0,1498.5714285714287,1659.8,3
829,830,727,6,0,139.0,1631.857142857143,1667.3666666666666,3
830,831,728,7,0,20.0,1380.0,1662.3333333333333,3
831,832,729,1,0,2044.0,1375.0,1595.4,3
832,833,730,2,0,2024.0,1665.142857142857,1580.9,3
833,834,731,3,0,1455.0,1471.4285714285713,1600.8333333333333,3
834,835,732,4,0,1354.0,1295.0,1592.9,3
835,836,733,5,0,1310.0,1295.857142857143,1583.8333333333333,3
836,837,734,6,0,275.0,1192.2857142857142,1619.6333333333334,3
838,839,735,1,1,2424.0,1211.7142857142858,1545.2,3
839,840,736,2,0,2985.0,1555.142857142857,1542.9666666666667,3
840,841,737,3,0,2014.0,1689.5714285714287,1578.9,3
841,842,738,4,0,1105.0,1688.142857142857,1595.2333333333333,3
842,843,739,5,0,1524.0,1638.142857142857,1576.6,3
843,844,740,6,0,378.0,1662.4285714285713,1595.8,3
845,846,741,1,1,2491.0,1529.2857142857142,1521.1666666666667,3
846,847,742,2,0,2830.0,1845.857142857143,1526.7,3
847,848,743,3,0,2155.0,1903.857142857143,1539.3333333333333,3
848,849,744,4,0,2017.0,1785.2857142857142,1573.1666666666667,3
849,850,745,5,0,27.0,1785.7142857142858,1583.8666666666666,3
852,853,746,1,1,3150.0,1631.7142857142858,1572.2333333333333,3
853,854,747,2,0,2383.0,1864.0,1601.2333333333333,4
854,855,748,3,0,2824.0,2150.4285714285716,1613.7666666666667,4
855,856,749,4,0,1876.0,2198.0,1648.4333333333334,4
856,857,750,5,0,2054.0,2061.714285714286,1674.2333333333333,4
857,858,751,6,0,321.0,2047.2857142857142,1679.3,4
859,860,752,1,1,2384.0,1805.0,1688.1666666666667,4
860,861,753,2,0,2472.0,2141.714285714286,1767.2,4
861,862,754,3,0,1881.0,2044.857142857143,1736.9333333333334,4
862,863,755,4,0,1816.0,1973.142857142857,1709.9666666666667,4
863,864,756,5,0,1361.0,1829.142857142857,1725.5666666666666,4
864,865,757,6,0,314.0,1755.5714285714287,1703.1,4
866,867,758,1,1,3309.0,1507.0,1708.9333333333334,4
867,868,759,2,0,1948.0,1933.857142857143,1818.5666666666666,4
868,869,760,3,0,1722.0,1871.5714285714287,1815.3666666666666,4
869,870,761,4,0,1520.0,1764.4285714285713,1805.3,4
870,871,762,5,0,2232.0,1712.857142857143,1807.4666666666667,4
871,872,763,6,0,497.0,1772.2857142857142,1836.7333333333333,4
873,874,764,1,1,2037.0,1648.857142857143,1809.6333333333334,4
874,875,765,2,0,2246.0,1895.0,1868.3666666666666,4
875,876,766,3,0,1447.0,1743.142857142857,1862.4333333333334,4
876,877,767,4,0,1478.0,1671.5714285714287,1811.1666666666667,4
877,878,768,5,0,1631.0,1636.7142857142858,1793.3,4
878,879,769,6,0,128.0,1652.5714285714287,1810.8333333333333,4
880,881,770,1,1,2102.0,1352.0,1764.3,4
881,882,771,2,0,2114.0,1581.2857142857142,1821.7666666666667,4
882,883,772,3,0,1964.0,1592.2857142857142,1809.2,4
883,884,773,4,0,1427.0,1552.0,1780.3333333333333,4
884,885,774,5,0,1416.0,1549.142857142857,1756.0666666666666,5
885,886,775,6,0,319.0,1540.2857142857142,1736.0333333333333,5
887,888,776,1,1,2147.0,1352.857142857143,1745.7666666666667,5
888,889,777,2,0,1925.0,1641.2857142857142,1712.3333333333333,5
889,890,778,3,0,1668.0,1616.0,1697.0666666666666,5
890,891,779,4,0,1692.0,1552.2857142857142,1658.5333333333333,5
891,892,780,5,0,1517.0,1513.4285714285713,1652.4,5
892,893,781,6,0,381.0,1526.2857142857142,1634.5,5
894,895,782,1,1,2327.0,1378.4285714285713,1636.5,5
895,896,783,2,0,1926.0,1665.2857142857142,1634.6,5
896,897,784,3,0,1387.0,1633.7142857142858,1616.4,5
897,898,785,4,0,1533.0,1556.857142857143,1599.9333333333334,5
898,899,786,5,0,1946.0,1537.5714285714287,1590.5,5
899,900,787,6,0,89.0,1573.857142857143,1610.0,5
902,903,788,2,1,3157.0,1369.857142857143,1602.5,5
903,904,789,3,0,1933.0,1766.4285714285713,1597.4333333333334,5
904,905,790,4,0,1257.0,1710.142857142857,1596.9333333333334,5
905,906,791,5,0,2051.0,1614.5714285714287,1581.4333333333334,5
906,907,792,6,0,472.0,1709.4285714285713,1599.1333333333334,5
908,909,793,1,1,2031.0,1557.857142857143,1540.4666666666667,5
909,910,794,2,0,1465.0,1570.0,1591.6,5
910,911,795,3,0,2291.0,1766.5714285714287,1572.5333333333333,5
911,912,796,4,0,1380.0,1642.857142857143,1574.0333333333333,5
912,913,797,5,0,1659.0,1563.857142857143,1571.8,5
913,914,798,6,0,401.0,1621.2857142857142,1577.8333333333333,5
915,916,799,1,1,2248.0,1385.5714285714287,1536.8333333333333,6
916,917,800,2,0,3005.0,1639.2857142857142,1607.5,6
917,918,801,3,0,2281.0,1778.4285714285713,1637.6,6
918,919,802,4,0,1062.0,1895.0,1643.1666666666667,6
919,920,803,5,0,1675.0,1719.4285714285713,1613.1,6
920,921,804,6,0,304.0,1761.5714285714287,1621.3666666666666,6
922,923,805,1,1,2034.0,1568.0,1584.3,6
923,924,806,2,0,2520.0,1801.2857142857142,1641.4666666666667,6
924,925,807,3,0,1944.0,1840.142857142857,1653.9,6
925,926,808,4,0,1398.0,1688.5714285714287,1654.5333333333333,6
926,927,809,5,0,1384.0,1562.4285714285713,1645.5333333333333,6
927,928,810,6,0,288.0,1608.4285714285713,1635.2666666666667,6
929,930,811,1,1,1804.0,1410.2857142857142,1594.3,6
930,931,812,2,0,2255.0,1624.5714285714287,1641.7333333333333,6
931,932,813,3,0,1893.0,1656.142857142857,1639.3333333333333,6
932,933,814,4,0,1193.0,1566.5714285714287,1638.2333333333333,6
933,934,815,5,0,1907.0,1459.2857142857142,1631.7666666666667,6
934,935,816,6,0,185.0,1532.0,1644.2333333333333,6
936,937,817,1,1,1304.0,1360.7142857142858,1585.5333333333333,6
937,938,818,2,0,2076.0,1505.857142857143,1626.0333333333333,6
938,939,819,3,0,1754.0,1544.7142857142858,1590.0,6
939,940,820,4,0,1155.0,1473.142857142857,1584.0333333333333,6
940,941,821,5,0,1613.0,1367.7142857142858,1580.6333333333334,6
941,942,822,6,0,410.0,1427.7142857142858,1566.0333333333333,6
943,944,823,1,1,2437.0,1213.857142857143,1563.9666666666667,6
944,945,824,2,0,2596.0,1535.5714285714287,1577.5,6
945,946,825,3,0,1823.0,1720.142857142857,1615.2,7
946,947,826,4,0,1951.0,1684.0,1599.6,7
947,948,827,5,0,1983.0,1712.142857142857,1618.6333333333334,7
948,949,828,6,0,297.0,1830.4285714285713,1629.4333333333334,7
950,951,829,1,1,2186.0,1642.4285714285713,1625.9666666666667,7
951,952,830,2,0,1608.0,1896.142857142857,1623.9,7
952,953,831,3,0,2334.0,1777.7142857142858,1577.3333333333333,7
953,954,832,4,0,2051.0,1740.2857142857142,1579.1,7
954,955,833,5,0,1795.0,1772.857142857143,1612.0666666666666,7
955,956,834,6,0,346.0,1750.5714285714287,1616.0666666666666,7
957,958,835,1,1,1926.0,1516.7142857142858,1617.4666666666667,7
958,959,836,2,0,1902.0,1749.4285714285713,1613.8666666666666,7
959,960,837,3,0,1604.0,1708.857142857143,1593.2666666666667,7
960,961,838,4,0,1357.0,1708.2857142857142,1581.9333333333334,7
961,962,839,5,0,1893.0,1568.7142857142858,1580.5666666666666,7
962,963,840,6,0,227.0,1546.142857142857,1597.5333333333333,7
963,964,841,7,0,24.0,1322.142857142857,1595.5,7
964,965,842,1,0,2270.0,1276.142857142857,1536.1666666666667,7
965,966,843,2,0,2200.0,1325.2857142857142,1536.6666666666667,7
966,967,844,3,0,1738.0,1367.857142857143,1546.9,7
967,968,845,4,0,1327.0,1387.0,1565.0666666666666,7
968,969,846,5,0,1254.0,1382.7142857142858,1545.7333333333333,7
969,970,847,6,0,498.0,1291.4285714285713,1581.3666666666666,7
970,971,848,7,0,20.0,1330.142857142857,1554.5,7
971,972,849,1,0,2616.0,1329.5714285714287,1485.9666666666667,7
972,973,850,2,0,2477.0,1379.0,1514.7,7
973,974,851,3,0,2305.0,1418.5714285714287,1558.7666666666667,7
974,975,852,4,0,12.0,1499.5714285714287,1581.8333333333333,7
977,978,853,7,1,3354.0,1311.7142857142858,1568.5666666666666,8
978,979,854,1,0,1800.0,1611.7142857142858,1599.1333333333334,8
979,980,855,2,0,2684.0,1797.7142857142858,1572.6,8
980,981,856,3,0,1475.0,2178.285714285714,1601.3,8
981,982,857,4,0,1783.0,2015.2857142857142,1585.4333333333334,8
982,983,858,5,0,1625.0,1916.142857142857,1578.7666666666667,8
983,984,859,6,0,309.0,1819.0,1623.0333333333333,8
985,986,860,1,1,1990.0,1861.4285714285713,1560.4666666666667,8
986,987,861,2,0,2256.0,1666.5714285714287,1573.2,8
987,988,862,3,0,2032.0,1731.7142857142858,1570.6,8
988,989,863,4,0,1183.0,1638.5714285714287,1569.9666666666667,8
989,990,864,5,0,1565.0,1596.857142857143,1549.5666666666666,8
990,991,865,6,0,254.0,1565.7142857142858,1590.2,8
992,993,866,1,1,1983.0,1369.857142857143,1534.4666666666667,8
993,994,867,2,0,2445.0,1609.0,1537.1666666666667,8
994,995,868,3,0,2312.0,1674.0,1565.2,8
995,996,869,4,0,1510.0,1682.0,1597.0333333333333,8
996,997,870,5,0,2380.0,1607.4285714285713,1584.2666666666667,8
997,998,871,6,0,61.0,1778.4285714285713,1656.0333333333333,8
999,1000,872,1,1,3279.0,1563.5714285714287,1657.2666666666667,8
1000,1001,873,2,0,3804.0,1995.7142857142858,1690.9,8
1001,1002,874,3,0,3046.0,2255.8571428571427,1744.3666666666666,8
1003,1004,875,5,1,13.0,2341.714285714286,1787.9666666666667,8
1005,1006,876,7,1,15.0,2013.2857142857142,1744.1666666666667,8
1008,1009,877,3,1,88.0,1799.7142857142858,1702.8666666666666,9
1009,1010,878,4,0,4354.0,1472.2857142857142,1689.2,9
1010,1011,879,5,0,3418.0,2085.5714285714284,1833.6666666666667,9
1011,1012,880,6,0,2489.0,2105.4285714285716,1860.4,9
1013,1014,881,1,1,2584.0,1917.5714285714287,1860.8,9
1014,1015,882,2,0,3546.0,1851.5714285714287,1870.1,9
1015,1016,883,3,0,2458.0,2356.285714285714,1987.9,9
1016,1017,884,4,0,2065.0,2705.285714285714,1958.0333333333333,9
1017,1018,885,5,0,1816.0,2987.714285714286,1966.8666666666666,9
1018,1019,886,6,0,263.0,2625.1428571428573,1937.9333333333334,9
1019,1020,887,7,0,28.0,2174.4285714285716,1897.5333333333333,9
1020,1021,888,1,0,2407.0,1822.857142857143,1839.0333333333333,9
1021,1022,889,2,0,3639.0,1797.5714285714287,1865.1,9
1022,1023,890,3,0,2551.0,1810.857142857143,1976.1,9
1023,1024,891,4,0,1925.0,1824.142857142857,1994.8,9
1024,1025,892,5,0,1989.0,1804.142857142857,1983.7666666666667,9
1025,1026,893,6,0,181.0,1828.857142857143,1982.3333333333333,9
1027,1028,894,1,1,2569.0,1817.142857142857,1948.9333333333334,9
1028,1029,895,2,0,2019.0,2180.1428571428573,1982.4,9
1029,1030,896,3,0,1900.0,2124.714285714286,2041.2333333333333,9
1030,1031,897,4,0,1180.0,1876.2857142857142,2038.4666666666667,9
1031,1032,898,5,0,1886.0,1680.4285714285713,1996.3,9
1032,1033,899,6,0,322.0,1674.857142857143,1982.1,9
1034,1035,900,1,1,2615.0,1436.7142857142858,1942.5,9
1035,1036,901,2,0,2594.0,1784.4285714285713,1950.3333333333333,9
1036,1037,902,3,0,1760.0,1788.0,2034.7666666666667,10
1037,1038,903,4,0,1590.0,1751.0,1984.1333333333334,10
1038,1039,904,5,0,1994.0,1706.7142857142858,1910.3333333333333,10
1039,1040,905,6,0,409.0,1823.0,1875.2666666666667,10
1040,1041,906,7,0,24.0,1612.0,1888.4666666666667,10
1041,1042,907,1,0,3017.0,1569.4285714285713,1888.7666666666667,10
1042,1043,908,2,0,2538.0,1626.857142857143,1986.4,10
1043,1044,909,3,0,2019.0,1618.857142857143,1925.8666666666666,10
1044,1045,910,4,0,1667.0,1655.857142857143,1879.2333333333333,10
1045,1046,911,5,0,1876.0,1666.857142857143,1851.8333333333333,10
1046,1047,912,6,0,498.0,1650.0,1828.2333333333333,10
1048,1049,913,1,1,2237.0,1662.7142857142858,1726.6333333333334,10
1049,1050,914,2,0,2268.0,1978.857142857143,1719.2666666666667,10
1050,1051,915,3,0,1898.0,1871.857142857143,1726.0333333333333,10
1051,1052,916,4,0,1870.0,1780.4285714285713,1728.7666666666667,10
1052,1053,917,5,0,2174.0,1759.142857142857,1782.3333333333333,10
1053,1054,918,6,0,540.0,1831.5714285714287,1853.8666666666666,10
1055,1056,919,1,1,2397.0,1640.7142857142858,1791.6333333333334,10
1056,1057,920,2,0,1947.0,1912.0,1750.2333333333333,10
1057,1058,921,3,0,2057.0,1870.5714285714287,1730.1,10
1058,1059,922,4,0,1860.0,1840.4285714285713,1734.5,10
1059,1060,923,5,0,2270.0,1835.0,1730.2,10
1060,1061,924,6,0,409.0,1892.142857142857,1799.8333333333333,10
1062,1063,925,1,1,3666.0,1640.0,1727.8333333333333,10
1063,1064,926,2,0,2535.0,2086.5714285714284,1782.7333333333333,10
1064,1065,927,3,0,2063.0,2106.285714285714,1803.9,10
1065,1066,928,4,0,1497.0,2122.8571428571427,1833.3333333333333,10
1066,1067,929,5,0,2170.0,2042.857142857143,1820.3666666666666,10
1067,1068,930,6,0,312.0,2087.1428571428573,1881.9666666666667,11
1069,1070,931,1,1,2228.0,1807.4285714285713,1805.2,11
1070,1071,932,2,0,2098.0,2067.285714285714,1793.0,11
1071,1072,933,3,0,2725.0,1843.2857142857142,1804.2666666666667,11
1072,1073,934,4,0,1491.0,1870.4285714285713,1842.1,11
1073,1074,935,5,0,2140.0,1788.7142857142858,1825.3333333333333,11
1074,1075,936,6,0,450.0,1880.5714285714287,1883.0333333333333,11
1076,1077,937,1,1,2057.0,1634.857142857143,1897.2333333333333,11
1077,1078,938,2,0,2181.0,1884.142857142857,1865.2333333333333,11
1078,1079,939,3,0,2339.0,1877.4285714285713,1853.3333333333333,11
1079,1080,940,4,0,1414.0,1911.857142857143,1864.0,11
1080,1081,941,5,0,2924.0,1724.5714285714287,1855.5666666666666,11
1081,1082,942,6,0,482.0,1929.2857142857142,1890.5,11
1083,1084,943,1,1,1611.0,1692.4285714285713,1889.9666666666667,11
1084,1085,944,2,0,2771.0,1858.2857142857142,1869.1,11
1085,1086,945,3,0,3477.0,1960.2857142857142,1885.8666666666666,11
1086,1087,946,4,0,1565.0,2145.4285714285716,1938.5,11
1087,1088,947,5,0,2158.0,2034.857142857143,1928.3333333333333,11
1088,1089,948,6,0,800.0,2141.1428571428573,1927.8,11
1089,1090,949,7,0,15.0,1837.7142857142858,1936.4666666666667,11
1090,1091,950,1,0,2555.0,1771.0,1857.0666666666666,11
1091,1092,951,2,0,1839.0,1905.857142857143,1877.3333333333333,11
1092,1093,952,3,0,2331.0,1772.7142857142858,1870.0666666666666,11
1093,1094,953,4,0,772.0,1609.0,1885.7666666666667,11
1094,1095,954,5,0,70.0,1495.7142857142858,1835.8333333333333,11
1095,1096,955,6,0,33.0,1197.4285714285713,1824.5333333333333,11
1097,1098,956,1,1,6421.0,1087.857142857143,1703.4333333333334,0
1098,1099,957,2,0,7069.0,2003.0,1832.9666666666667,0
1099,1100,958,3,0,5017.0,2647.8571428571427,1999.8333333333333,0
1100,1101,959,4,0,3192.0,3101.8571428571427,2117.1666666666665,0
1101,1102,960,5,0,4838.0,3224.8571428571427,2151.233333333333,0
1102,1103,961,6,0,1063.0,3805.714285714286,2302.1,0
1104,1105,962,1,1,5227.0,3947.5714285714284,2263.266666666667,0
1105,1106,963,2,0,3848.0,4689.571428571428,2367.5666666666666,0
1106,1107,964,3,0,3631.0,4322.0,2405.0,0
1107,1108,965,4,0,1899.0,3830.8571428571427,2476.3333333333335,0
1108,1109,966,5,0,2978.0,3385.4285714285716,2468.3,0
1109,1110,967,6,0,657.0,3354.8571428571427,2552.5666666666666,0
1111,1112,968,1,1,3859.0,2757.5714285714284,2505.9,0
1112,1113,969,2,0,4572.0,3157.0,2561.8333333333335,0
1113,1114,970,3,0,3687.0,3063.4285714285716,2636.266666666667,0
1114,1115,971,4,0,2851.0,3040.4285714285716,2712.0333333333333,0
1115,1116,972,5,0,2644.0,2929.0,2709.6,0
1116,1117,973,6,0,429.0,3035.4285714285716,2781.6666666666665,0
1118,1119,974,1,1,3637.0,2671.285714285714,2742.266666666667,0
1119,1120,975,2,0,3865.0,3097.0,2771.133333333333,0
1120,1121,976,3,0,3499.0,3097.8571428571427,2784.0666666666666,0
1121,1122,977,4,0,2374.0,2944.5714285714284,2848.5333333333333,0
1122,1123,978,5,0,3880.0,2757.0,2855.733333333333,0
1123,1124,979,6,0,755.0,2904.0,2958.4,0
1125,1126,980,1,1,5594.0,2634.1428571428573,2983.0666666666666,0
1126,1127,981,2,0,5592.0,3372.0,3084.366666666667,0
1127,1128,982,3,0,4690.0,3651.285714285714,3209.4666666666667,0
1128,1129,983,4,0,4243.0,3769.1428571428573,3288.1,1
1129,1130,984,5,0,4763.0,3875.4285714285716,3403.8,1
1130,1131,985,6,0,1564.0,4216.714285714285,3560.233333333333,1
1135,1136,986,4,1,24.0,3885.8571428571427,3611.266666666667,1
1138,1139,987,7,1,3664.0,3781.4285714285716,3398.0333333333333,1
1139,1140,988,1,0,3610.0,3505.714285714286,3284.5333333333333,1
1140,1141,989,2,0,5537.0,3222.5714285714284,3237.633333333333,1
1141,1142,990,3,0,3369.0,3343.5714285714284,3315.8,1
1142,1143,991,4,0,3054.0,3218.714285714286,3266.8333333333335,1
1143,1144,992,5,0,2735.0,2974.5714285714284,3333.2,1
1144,1145,993,6,0,780.0,3141.8571428571427,3250.133333333333,1
1146,1147,994,1,1,3037.0,3249.8571428571427,3147.866666666667,1
1147,1148,995,2,0,3315.0,3160.285714285714,3128.0666666666666,1
1148,1149,996,3,0,2221.0,3118.1428571428573,3175.266666666667,1
1149,1150,997,4,0,1541.0,2644.4285714285716,3150.0333333333333,1
1150,1151,998,5,0,1883.0,2383.285714285714,3179.5,1
1151,1152,999,6,0,564.0,2216.0,3113.633333333333,1
1153,1154,1000,1,1,2525.0,1905.857142857143,2980.0333333333333,1
1154,1155,1001,2,0,2627.0,2155.1428571428573,2941.3,1
1155,1156,1002,3,0,2374.0,2096.5714285714284,2933.8333333333335,1
1156,1157,1003,4,0,1618.0,1962.142857142857,2924.8333333333335,1
1157,1158,1004,5,0,2259.0,1876.0,2964.4666666666667,1
1158,1159,1005,6,0,426.0,1978.5714285714287,2918.5333333333333,2
1160,1161,1006,1,1,2203.0,1770.4285714285713,2803.9,2
1161,1162,1007,2,0,2344.0,2004.5714285714287,2760.7,2
1162,1163,1008,3,0,2392.0,1978.7142857142858,2759.7,2
1163,1164,1009,4,0,1870.0,1945.142857142857,2710.1,2
1164,1165,1010,5,0,1772.0,1873.142857142857,2747.266666666667,2
1165,1166,1011,6,0,610.0,1895.142857142857,2619.866666666667,2
1167,1168,1012,1,1,2437.0,1659.5714285714287,2453.8,2
1168,1169,1013,2,0,2326.0,1946.857142857143,2378.7,2
1169,1170,1014,3,0,1954.0,1964.4285714285713,2314.8,2
1170,1171,1015,4,0,1569.0,1908.7142857142858,2221.1666666666665,2
1171,1172,1016,5,0,1777.0,1791.142857142857,2221.3333333333335,2
1172,1173,1017,6,0,442.0,1777.857142857143,2279.766666666667,2
1174,1175,1018,1,1,2476.0,1587.857142857143,2172.366666666667,2
1175,1176,1019,2,0,1934.0,1854.4285714285713,2134.5666666666666,2
1176,1177,1020,3,0,2048.0,1782.5714285714287,2014.4666666666667,2
1177,1178,1021,4,0,1586.0,1742.857142857143,1970.4333333333334,2
1178,1179,1022,5,0,2268.0,1690.2857142857142,1921.5,2
1179,1180,1023,6,0,506.0,1790.142857142857,1905.9333333333334,2
1181,1182,1024,1,1,3439.0,1608.5714285714287,1896.8,2
1182,1183,1025,2,0,3208.0,2036.7142857142858,1910.2,2
1183,1184,1026,3,0,2277.0,2141.285714285714,1906.6333333333334,2
1184,1185,1027,4,0,2144.0,2190.285714285714,1908.5,2
1185,1186,1028,5,0,2519.0,2204.0,1928.6,2
1186,1187,1029,6,0,195.0,2337.285714285714,1949.8,2
1189,1190,1030,2,1,4003.0,2041.142857142857,1937.5,3
1190,1191,1031,3,0,2513.0,2540.714285714286,1986.7666666666667,3
1191,1192,1032,4,0,1306.0,2408.4285714285716,1982.9666666666667,3
